-- SPDX-License-Identifier: Apache-2.0
-- Auto-generated by scripts/generate-seed.ts — do not edit by hand.
-- Deterministic synthetic e-commerce data for the Arivie chat starter.

BEGIN;

TRUNCATE order_items, orders, products, customers RESTART IDENTITY CASCADE;

-- customers
INSERT INTO customers (id, email, name, country, created_at) VALUES ('cust_001', 'nora.holt@example.com', 'Nora Holt', 'DE', '2026-01-18T19:48:16.080Z');
INSERT INTO customers (id, email, name, country, created_at) VALUES ('cust_002', 'ruby.nguyen@example.com', 'Ruby Nguyen', 'GB', '2025-12-15T12:39:51.807Z');
INSERT INTO customers (id, email, name, country, created_at) VALUES ('cust_003', 'kai.yoon@example.com', 'Kai Yoon', 'CA', '2026-03-22T19:15:57.269Z');
INSERT INTO customers (id, email, name, country, created_at) VALUES ('cust_004', 'ruby.khan@example.com', 'Ruby Khan', 'GB', '2026-05-14T12:42:04.442Z');
INSERT INTO customers (id, email, name, country, created_at) VALUES ('cust_005', 'otis.patel@example.com', 'Otis Patel', 'GB', '2026-05-09T17:35:35.003Z');
INSERT INTO customers (id, email, name, country, created_at) VALUES ('cust_006', 'liam.sato@example.com', 'Liam Sato', 'AU', '2026-02-11T23:20:56.521Z');
INSERT INTO customers (id, email, name, country, created_at) VALUES ('cust_007', 'ethan.adams@example.com', 'Ethan Adams', 'GB', '2025-12-25T16:19:58.506Z');
INSERT INTO customers (id, email, name, country, created_at) VALUES ('cust_008', 'luna.patel@example.com', 'Luna Patel', 'US', '2026-02-07T09:40:42.571Z');
INSERT INTO customers (id, email, name, country, created_at) VALUES ('cust_009', 'kai.diaz@example.com', 'Kai Diaz', 'US', '2026-03-23T06:16:23.114Z');
INSERT INTO customers (id, email, name, country, created_at) VALUES ('cust_010', 'otis.ito@example.com', 'Otis Ito', 'US', '2026-03-26T16:58:05.523Z');
INSERT INTO customers (id, email, name, country, created_at) VALUES ('cust_011', 'noah.diaz@example.com', 'Noah Diaz', 'CA', '2026-01-14T01:43:54.633Z');
INSERT INTO customers (id, email, name, country, created_at) VALUES ('cust_012', 'noah.beck@example.com', 'Noah Beck', 'US', '2025-12-02T20:42:17.418Z');
INSERT INTO customers (id, email, name, country, created_at) VALUES ('cust_013', 'mia.kim@example.com', 'Mia Kim', 'US', '2026-02-20T09:18:49.938Z');
INSERT INTO customers (id, email, name, country, created_at) VALUES ('cust_014', 'hana.müller@example.com', 'Hana Müller', 'CA', '2025-12-03T17:19:19.073Z');
INSERT INTO customers (id, email, name, country, created_at) VALUES ('cust_015', 'cleo.sato@example.com', 'Cleo Sato', 'GB', '2025-12-22T21:06:20.802Z');
INSERT INTO customers (id, email, name, country, created_at) VALUES ('cust_016', 'yuki.park@example.com', 'Yuki Park', 'DE', '2026-02-28T10:07:01.659Z');
INSERT INTO customers (id, email, name, country, created_at) VALUES ('cust_017', 'maya.singh@example.com', 'Maya Singh', 'US', '2026-01-08T16:54:53.971Z');
INSERT INTO customers (id, email, name, country, created_at) VALUES ('cust_018', 'luna.adams@example.com', 'Luna Adams', 'CA', '2025-11-23T02:38:06.882Z');
INSERT INTO customers (id, email, name, country, created_at) VALUES ('cust_019', 'finn.park@example.com', 'Finn Park', 'US', '2026-04-27T07:16:43.262Z');
INSERT INTO customers (id, email, name, country, created_at) VALUES ('cust_020', 'leo.bauer@example.com', 'Leo Bauer', 'DE', '2026-04-28T12:35:26.149Z');
INSERT INTO customers (id, email, name, country, created_at) VALUES ('cust_021', 'vera.costa@example.com', 'Vera Costa', 'DE', '2026-04-13T06:58:25.278Z');
INSERT INTO customers (id, email, name, country, created_at) VALUES ('cust_022', 'hugo.reyes@example.com', 'Hugo Reyes', 'US', '2026-04-16T08:17:16.824Z');
INSERT INTO customers (id, email, name, country, created_at) VALUES ('cust_023', 'maya.sato@example.com', 'Maya Sato', 'GB', '2025-12-11T16:10:00.944Z');
INSERT INTO customers (id, email, name, country, created_at) VALUES ('cust_024', 'niko.yates@example.com', 'Niko Yates', 'US', '2025-12-15T15:07:37.023Z');
INSERT INTO customers (id, email, name, country, created_at) VALUES ('cust_025', 'ava.roy@example.com', 'Ava Roy', 'CA', '2025-12-13T02:12:14.589Z');
INSERT INTO customers (id, email, name, country, created_at) VALUES ('cust_026', 'iris.singh@example.com', 'Iris Singh', 'GB', '2026-04-12T22:51:38.241Z');
INSERT INTO customers (id, email, name, country, created_at) VALUES ('cust_027', 'cleo.khan@example.com', 'Cleo Khan', 'US', '2026-03-28T15:55:17.771Z');
INSERT INTO customers (id, email, name, country, created_at) VALUES ('cust_028', 'ava.reyes@example.com', 'Ava Reyes', 'DE', '2026-02-04T00:16:28.048Z');
INSERT INTO customers (id, email, name, country, created_at) VALUES ('cust_029', 'zoe.walsh@example.com', 'Zoe Walsh', 'GB', '2026-03-25T14:31:41.693Z');
INSERT INTO customers (id, email, name, country, created_at) VALUES ('cust_030', 'luna.yates@example.com', 'Luna Yates', 'CA', '2026-03-06T15:55:59.163Z');

-- products
INSERT INTO products (id, name, category, price, created_at) VALUES ('prod_001', 'Bamboo throw blanket', 'home', 64.00, '2025-06-15T16:08:39.833Z');
INSERT INTO products (id, name, category, price, created_at) VALUES ('prod_002', 'Linen apron', 'home', 38.00, '2025-09-22T09:20:20.847Z');
INSERT INTO products (id, name, category, price, created_at) VALUES ('prod_003', 'Ceramic pour-over', 'home', 52.00, '2025-09-09T09:51:24.658Z');
INSERT INTO products (id, name, category, price, created_at) VALUES ('prod_004', 'Cast iron skillet 10"', 'home', 89.00, '2025-11-25T16:11:28.412Z');
INSERT INTO products (id, name, category, price, created_at) VALUES ('prod_005', 'Walnut cutting board', 'home', 72.00, '2025-11-09T16:18:23.128Z');
INSERT INTO products (id, name, category, price, created_at) VALUES ('prod_006', 'Merino crewneck', 'apparel', 145.00, '2025-08-10T18:41:54.994Z');
INSERT INTO products (id, name, category, price, created_at) VALUES ('prod_007', 'Selvedge denim', 'apparel', 198.00, '2025-12-11T07:19:13.193Z');
INSERT INTO products (id, name, category, price, created_at) VALUES ('prod_008', 'Linen camp shirt', 'apparel', 88.00, '2025-11-05T21:00:07.589Z');
INSERT INTO products (id, name, category, price, created_at) VALUES ('prod_009', 'Waxed canvas jacket', 'apparel', 285.00, '2025-11-05T22:58:55.335Z');
INSERT INTO products (id, name, category, price, created_at) VALUES ('prod_010', 'Wool watchcap', 'apparel', 42.00, '2025-09-01T19:00:55.780Z');
INSERT INTO products (id, name, category, price, created_at) VALUES ('prod_011', 'USB-C hub', 'electronics', 79.00, '2025-09-25T14:52:54.042Z');
INSERT INTO products (id, name, category, price, created_at) VALUES ('prod_012', 'Mech keyboard', 'electronics', 165.00, '2025-07-30T02:05:48.946Z');
INSERT INTO products (id, name, category, price, created_at) VALUES ('prod_013', 'Wireless earbuds', 'electronics', 129.00, '2025-07-06T13:27:19.096Z');
INSERT INTO products (id, name, category, price, created_at) VALUES ('prod_014', 'Desk lamp (warm)', 'electronics', 95.00, '2025-12-15T03:10:36.738Z');
INSERT INTO products (id, name, category, price, created_at) VALUES ('prod_015', 'Portable speaker', 'electronics', 119.00, '2025-09-14T03:49:51.569Z');
INSERT INTO products (id, name, category, price, created_at) VALUES ('prod_016', 'The Pragmatic Programmer', 'books', 36.00, '2025-06-15T13:11:51.119Z');
INSERT INTO products (id, name, category, price, created_at) VALUES ('prod_017', 'Designing Data-Intensive Apps', 'books', 49.00, '2025-12-16T09:09:00.504Z');
INSERT INTO products (id, name, category, price, created_at) VALUES ('prod_018', 'A Pattern Language', 'books', 58.00, '2025-07-07T18:59:53.406Z');
INSERT INTO products (id, name, category, price, created_at) VALUES ('prod_019', 'Where Good Ideas Come From', 'books', 22.00, '2025-10-18T10:54:14.793Z');
INSERT INTO products (id, name, category, price, created_at) VALUES ('prod_020', 'Calm Technology', 'books', 28.00, '2025-05-24T12:11:31.257Z');

-- orders
INSERT INTO orders (id, customer_id, status, total_amount, created_at) VALUES ('ord_0001', 'cust_026', 'cancelled', 448.00, '2026-03-15T22:42:53.745Z');
INSERT INTO orders (id, customer_id, status, total_amount, created_at) VALUES ('ord_0002', 'cust_003', 'completed', 1150.00, '2026-04-05T07:45:36.847Z');
INSERT INTO orders (id, customer_id, status, total_amount, created_at) VALUES ('ord_0003', 'cust_023', 'refunded', 171.00, '2026-03-08T08:50:28.569Z');
INSERT INTO orders (id, customer_id, status, total_amount, created_at) VALUES ('ord_0004', 'cust_026', 'cancelled', 340.00, '2026-03-28T15:34:26.491Z');
INSERT INTO orders (id, customer_id, status, total_amount, created_at) VALUES ('ord_0005', 'cust_014', 'refunded', 285.00, '2026-03-21T15:37:04.841Z');
INSERT INTO orders (id, customer_id, status, total_amount, created_at) VALUES ('ord_0006', 'cust_029', 'pending', 579.00, '2026-04-22T03:43:40.525Z');
INSERT INTO orders (id, customer_id, status, total_amount, created_at) VALUES ('ord_0007', 'cust_005', 'completed', 406.00, '2026-05-20T21:56:52.592Z');
INSERT INTO orders (id, customer_id, status, total_amount, created_at) VALUES ('ord_0008', 'cust_020', 'cancelled', 743.00, '2026-02-24T02:53:34.249Z');
INSERT INTO orders (id, customer_id, status, total_amount, created_at) VALUES ('ord_0009', 'cust_014', 'pending', 28.00, '2026-05-08T17:26:44.069Z');
INSERT INTO orders (id, customer_id, status, total_amount, created_at) VALUES ('ord_0010', 'cust_005', 'completed', 570.00, '2026-04-25T13:24:58.965Z');
INSERT INTO orders (id, customer_id, status, total_amount, created_at) VALUES ('ord_0011', 'cust_018', 'cancelled', 38.00, '2026-03-10T05:09:54.058Z');
INSERT INTO orders (id, customer_id, status, total_amount, created_at) VALUES ('ord_0012', 'cust_006', 'pending', 1236.00, '2026-04-04T13:21:17.819Z');
INSERT INTO orders (id, customer_id, status, total_amount, created_at) VALUES ('ord_0013', 'cust_015', 'completed', 362.00, '2026-04-13T16:02:01.959Z');
INSERT INTO orders (id, customer_id, status, total_amount, created_at) VALUES ('ord_0014', 'cust_010', 'completed', 1154.00, '2026-04-06T17:34:56.649Z');
INSERT INTO orders (id, customer_id, status, total_amount, created_at) VALUES ('ord_0015', 'cust_016', 'completed', 755.00, '2026-03-24T13:30:26.844Z');
INSERT INTO orders (id, customer_id, status, total_amount, created_at) VALUES ('ord_0016', 'cust_005', 'completed', 459.00, '2026-05-08T01:21:44.045Z');
INSERT INTO orders (id, customer_id, status, total_amount, created_at) VALUES ('ord_0017', 'cust_003', 'refunded', 116.00, '2026-04-12T11:56:26.937Z');
INSERT INTO orders (id, customer_id, status, total_amount, created_at) VALUES ('ord_0018', 'cust_003', 'cancelled', 184.00, '2026-05-16T15:06:19.152Z');
INSERT INTO orders (id, customer_id, status, total_amount, created_at) VALUES ('ord_0019', 'cust_007', 'pending', 640.00, '2026-03-31T21:43:45.069Z');
INSERT INTO orders (id, customer_id, status, total_amount, created_at) VALUES ('ord_0020', 'cust_029', 'cancelled', 116.00, '2026-03-22T04:53:12.472Z');
INSERT INTO orders (id, customer_id, status, total_amount, created_at) VALUES ('ord_0021', 'cust_017', 'cancelled', 443.00, '2026-04-04T19:45:21.678Z');
INSERT INTO orders (id, customer_id, status, total_amount, created_at) VALUES ('ord_0022', 'cust_003', 'completed', 848.00, '2026-05-16T17:41:36.232Z');
INSERT INTO orders (id, customer_id, status, total_amount, created_at) VALUES ('ord_0023', 'cust_021', 'pending', 588.00, '2026-03-31T00:33:37.767Z');
INSERT INTO orders (id, customer_id, status, total_amount, created_at) VALUES ('ord_0024', 'cust_001', 'completed', 565.00, '2026-04-21T17:10:51.085Z');
INSERT INTO orders (id, customer_id, status, total_amount, created_at) VALUES ('ord_0025', 'cust_025', 'completed', 104.00, '2026-05-03T01:20:12.702Z');
INSERT INTO orders (id, customer_id, status, total_amount, created_at) VALUES ('ord_0026', 'cust_029', 'completed', 223.00, '2026-04-04T03:21:34.637Z');
INSERT INTO orders (id, customer_id, status, total_amount, created_at) VALUES ('ord_0027', 'cust_029', 'pending', 726.00, '2026-03-31T04:33:43.130Z');
INSERT INTO orders (id, customer_id, status, total_amount, created_at) VALUES ('ord_0028', 'cust_010', 'completed', 227.00, '2026-03-14T10:48:23.477Z');
INSERT INTO orders (id, customer_id, status, total_amount, created_at) VALUES ('ord_0029', 'cust_021', 'completed', 514.00, '2026-04-02T00:47:33.652Z');
INSERT INTO orders (id, customer_id, status, total_amount, created_at) VALUES ('ord_0030', 'cust_030', 'cancelled', 132.00, '2026-04-23T08:50:33.739Z');
INSERT INTO orders (id, customer_id, status, total_amount, created_at) VALUES ('ord_0031', 'cust_021', 'refunded', 192.00, '2026-04-16T02:55:46.876Z');
INSERT INTO orders (id, customer_id, status, total_amount, created_at) VALUES ('ord_0032', 'cust_010', 'refunded', 158.00, '2026-04-14T15:50:54.485Z');
INSERT INTO orders (id, customer_id, status, total_amount, created_at) VALUES ('ord_0033', 'cust_016', 'cancelled', 312.00, '2026-03-26T03:10:27.694Z');
INSERT INTO orders (id, customer_id, status, total_amount, created_at) VALUES ('ord_0034', 'cust_021', 'completed', 216.00, '2026-04-25T00:55:31.277Z');
INSERT INTO orders (id, customer_id, status, total_amount, created_at) VALUES ('ord_0035', 'cust_015', 'completed', 523.00, '2026-03-25T05:29:27.449Z');
INSERT INTO orders (id, customer_id, status, total_amount, created_at) VALUES ('ord_0036', 'cust_023', 'cancelled', 570.00, '2026-05-05T03:40:42.382Z');
INSERT INTO orders (id, customer_id, status, total_amount, created_at) VALUES ('ord_0037', 'cust_028', 'completed', 330.00, '2026-04-09T22:15:35.044Z');
INSERT INTO orders (id, customer_id, status, total_amount, created_at) VALUES ('ord_0038', 'cust_015', 'refunded', 1237.00, '2026-03-21T13:53:34.877Z');
INSERT INTO orders (id, customer_id, status, total_amount, created_at) VALUES ('ord_0039', 'cust_014', 'pending', 89.00, '2026-03-17T11:34:16.385Z');
INSERT INTO orders (id, customer_id, status, total_amount, created_at) VALUES ('ord_0040', 'cust_002', 'completed', 594.00, '2026-05-13T21:05:32.481Z');
INSERT INTO orders (id, customer_id, status, total_amount, created_at) VALUES ('ord_0041', 'cust_012', 'cancelled', 738.00, '2026-03-06T07:35:58.569Z');
INSERT INTO orders (id, customer_id, status, total_amount, created_at) VALUES ('ord_0042', 'cust_003', 'completed', 534.00, '2026-04-27T07:11:57.985Z');
INSERT INTO orders (id, customer_id, status, total_amount, created_at) VALUES ('ord_0043', 'cust_009', 'cancelled', 1011.00, '2026-03-26T02:11:07.027Z');
INSERT INTO orders (id, customer_id, status, total_amount, created_at) VALUES ('ord_0044', 'cust_027', 'completed', 56.00, '2026-05-12T08:56:48.322Z');
INSERT INTO orders (id, customer_id, status, total_amount, created_at) VALUES ('ord_0045', 'cust_008', 'completed', 204.00, '2026-04-26T17:45:24.768Z');
INSERT INTO orders (id, customer_id, status, total_amount, created_at) VALUES ('ord_0046', 'cust_022', 'completed', 369.00, '2026-04-07T09:47:37.634Z');
INSERT INTO orders (id, customer_id, status, total_amount, created_at) VALUES ('ord_0047', 'cust_004', 'cancelled', 52.00, '2026-03-20T01:57:11.677Z');
INSERT INTO orders (id, customer_id, status, total_amount, created_at) VALUES ('ord_0048', 'cust_004', 'completed', 498.00, '2026-05-18T15:49:39.118Z');
INSERT INTO orders (id, customer_id, status, total_amount, created_at) VALUES ('ord_0049', 'cust_008', 'completed', 307.00, '2026-02-20T10:03:04.377Z');
INSERT INTO orders (id, customer_id, status, total_amount, created_at) VALUES ('ord_0050', 'cust_026', 'completed', 52.00, '2026-03-23T23:13:48.155Z');
INSERT INTO orders (id, customer_id, status, total_amount, created_at) VALUES ('ord_0051', 'cust_023', 'cancelled', 351.00, '2026-04-17T19:05:36.634Z');
INSERT INTO orders (id, customer_id, status, total_amount, created_at) VALUES ('ord_0052', 'cust_024', 'completed', 579.00, '2026-05-09T22:01:12.722Z');
INSERT INTO orders (id, customer_id, status, total_amount, created_at) VALUES ('ord_0053', 'cust_024', 'completed', 192.00, '2026-03-03T04:59:20.744Z');
INSERT INTO orders (id, customer_id, status, total_amount, created_at) VALUES ('ord_0054', 'cust_015', 'refunded', 44.00, '2026-05-06T20:30:28.953Z');
INSERT INTO orders (id, customer_id, status, total_amount, created_at) VALUES ('ord_0055', 'cust_017', 'pending', 573.00, '2026-05-03T05:30:57.770Z');
INSERT INTO orders (id, customer_id, status, total_amount, created_at) VALUES ('ord_0056', 'cust_008', 'completed', 562.00, '2026-03-22T09:31:59.118Z');
INSERT INTO orders (id, customer_id, status, total_amount, created_at) VALUES ('ord_0057', 'cust_017', 'completed', 647.00, '2026-02-27T11:28:39.995Z');
INSERT INTO orders (id, customer_id, status, total_amount, created_at) VALUES ('ord_0058', 'cust_023', 'completed', 865.00, '2026-02-23T10:04:16.604Z');
INSERT INTO orders (id, customer_id, status, total_amount, created_at) VALUES ('ord_0059', 'cust_009', 'completed', 558.00, '2026-04-22T06:54:47.386Z');
INSERT INTO orders (id, customer_id, status, total_amount, created_at) VALUES ('ord_0060', 'cust_023', 'completed', 84.00, '2026-03-04T13:03:37.906Z');
INSERT INTO orders (id, customer_id, status, total_amount, created_at) VALUES ('ord_0061', 'cust_006', 'pending', 311.00, '2026-04-05T19:28:43.784Z');
INSERT INTO orders (id, customer_id, status, total_amount, created_at) VALUES ('ord_0062', 'cust_026', 'completed', 510.00, '2026-05-09T00:07:12.997Z');
INSERT INTO orders (id, customer_id, status, total_amount, created_at) VALUES ('ord_0063', 'cust_007', 'completed', 616.00, '2026-04-05T09:07:43.866Z');
INSERT INTO orders (id, customer_id, status, total_amount, created_at) VALUES ('ord_0064', 'cust_015', 'pending', 362.00, '2026-05-07T00:30:10.882Z');
INSERT INTO orders (id, customer_id, status, total_amount, created_at) VALUES ('ord_0065', 'cust_025', 'completed', 395.00, '2026-05-03T11:33:55.609Z');
INSERT INTO orders (id, customer_id, status, total_amount, created_at) VALUES ('ord_0066', 'cust_023', 'completed', 936.00, '2026-04-07T17:56:51.169Z');
INSERT INTO orders (id, customer_id, status, total_amount, created_at) VALUES ('ord_0067', 'cust_015', 'completed', 1107.00, '2026-03-04T15:16:24.853Z');
INSERT INTO orders (id, customer_id, status, total_amount, created_at) VALUES ('ord_0068', 'cust_013', 'completed', 523.00, '2026-04-06T23:00:59.191Z');
INSERT INTO orders (id, customer_id, status, total_amount, created_at) VALUES ('ord_0069', 'cust_020', 'completed', 200.00, '2026-02-28T05:41:00.566Z');
INSERT INTO orders (id, customer_id, status, total_amount, created_at) VALUES ('ord_0070', 'cust_020', 'cancelled', 538.00, '2026-05-17T09:55:11.430Z');
INSERT INTO orders (id, customer_id, status, total_amount, created_at) VALUES ('ord_0071', 'cust_017', 'completed', 119.00, '2026-04-05T12:35:26.633Z');
INSERT INTO orders (id, customer_id, status, total_amount, created_at) VALUES ('ord_0072', 'cust_014', 'pending', 178.00, '2026-05-20T07:00:04.323Z');
INSERT INTO orders (id, customer_id, status, total_amount, created_at) VALUES ('ord_0073', 'cust_001', 'pending', 823.00, '2026-05-05T15:08:38.433Z');
INSERT INTO orders (id, customer_id, status, total_amount, created_at) VALUES ('ord_0074', 'cust_022', 'refunded', 357.00, '2026-04-26T09:09:55.819Z');
INSERT INTO orders (id, customer_id, status, total_amount, created_at) VALUES ('ord_0075', 'cust_028', 'completed', 807.00, '2026-05-17T10:22:53.285Z');
INSERT INTO orders (id, customer_id, status, total_amount, created_at) VALUES ('ord_0076', 'cust_015', 'completed', 1141.00, '2026-04-09T05:54:31.073Z');
INSERT INTO orders (id, customer_id, status, total_amount, created_at) VALUES ('ord_0077', 'cust_004', 'cancelled', 1022.00, '2026-03-28T01:18:21.775Z');
INSERT INTO orders (id, customer_id, status, total_amount, created_at) VALUES ('ord_0078', 'cust_025', 'completed', 240.00, '2026-05-21T02:08:53.135Z');
INSERT INTO orders (id, customer_id, status, total_amount, created_at) VALUES ('ord_0079', 'cust_002', 'completed', 394.00, '2026-04-07T07:38:04.600Z');
INSERT INTO orders (id, customer_id, status, total_amount, created_at) VALUES ('ord_0080', 'cust_017', 'pending', 565.00, '2026-03-05T08:03:25.353Z');

-- order_items
INSERT INTO order_items (id, order_id, product_id, quantity, unit_price, subtotal) VALUES ('oi_00001', 'ord_0001', 'prod_020', 3, 28.00, 84.00);
INSERT INTO order_items (id, order_id, product_id, quantity, unit_price, subtotal) VALUES ('oi_00002', 'ord_0001', 'prod_017', 3, 49.00, 147.00);
INSERT INTO order_items (id, order_id, product_id, quantity, unit_price, subtotal) VALUES ('oi_00003', 'ord_0001', 'prod_004', 1, 89.00, 89.00);
INSERT INTO order_items (id, order_id, product_id, quantity, unit_price, subtotal) VALUES ('oi_00004', 'ord_0001', 'prod_001', 2, 64.00, 128.00);
INSERT INTO order_items (id, order_id, product_id, quantity, unit_price, subtotal) VALUES ('oi_00005', 'ord_0002', 'prod_014', 3, 95.00, 285.00);
INSERT INTO order_items (id, order_id, product_id, quantity, unit_price, subtotal) VALUES ('oi_00006', 'ord_0002', 'prod_007', 3, 198.00, 594.00);
INSERT INTO order_items (id, order_id, product_id, quantity, unit_price, subtotal) VALUES ('oi_00007', 'ord_0002', 'prod_010', 3, 42.00, 126.00);
INSERT INTO order_items (id, order_id, product_id, quantity, unit_price, subtotal) VALUES ('oi_00008', 'ord_0002', 'prod_006', 1, 145.00, 145.00);
INSERT INTO order_items (id, order_id, product_id, quantity, unit_price, subtotal) VALUES ('oi_00009', 'ord_0003', 'prod_015', 1, 119.00, 119.00);
INSERT INTO order_items (id, order_id, product_id, quantity, unit_price, subtotal) VALUES ('oi_00010', 'ord_0003', 'prod_003', 1, 52.00, 52.00);
INSERT INTO order_items (id, order_id, product_id, quantity, unit_price, subtotal) VALUES ('oi_00011', 'ord_0004', 'prod_008', 2, 88.00, 176.00);
INSERT INTO order_items (id, order_id, product_id, quantity, unit_price, subtotal) VALUES ('oi_00012', 'ord_0004', 'prod_020', 2, 28.00, 56.00);
INSERT INTO order_items (id, order_id, product_id, quantity, unit_price, subtotal) VALUES ('oi_00013', 'ord_0004', 'prod_016', 3, 36.00, 108.00);
INSERT INTO order_items (id, order_id, product_id, quantity, unit_price, subtotal) VALUES ('oi_00014', 'ord_0005', 'prod_014', 3, 95.00, 285.00);
INSERT INTO order_items (id, order_id, product_id, quantity, unit_price, subtotal) VALUES ('oi_00015', 'ord_0006', 'prod_012', 3, 165.00, 495.00);
INSERT INTO order_items (id, order_id, product_id, quantity, unit_price, subtotal) VALUES ('oi_00016', 'ord_0006', 'prod_010', 2, 42.00, 84.00);
INSERT INTO order_items (id, order_id, product_id, quantity, unit_price, subtotal) VALUES ('oi_00017', 'ord_0007', 'prod_013', 1, 129.00, 129.00);
INSERT INTO order_items (id, order_id, product_id, quantity, unit_price, subtotal) VALUES ('oi_00018', 'ord_0007', 'prod_010', 2, 42.00, 84.00);
INSERT INTO order_items (id, order_id, product_id, quantity, unit_price, subtotal) VALUES ('oi_00019', 'ord_0007', 'prod_020', 1, 28.00, 28.00);
INSERT INTO order_items (id, order_id, product_id, quantity, unit_price, subtotal) VALUES ('oi_00020', 'ord_0007', 'prod_012', 1, 165.00, 165.00);
INSERT INTO order_items (id, order_id, product_id, quantity, unit_price, subtotal) VALUES ('oi_00021', 'ord_0008', 'prod_016', 2, 36.00, 72.00);
INSERT INTO order_items (id, order_id, product_id, quantity, unit_price, subtotal) VALUES ('oi_00022', 'ord_0008', 'prod_012', 3, 165.00, 495.00);
INSERT INTO order_items (id, order_id, product_id, quantity, unit_price, subtotal) VALUES ('oi_00023', 'ord_0008', 'prod_008', 2, 88.00, 176.00);
INSERT INTO order_items (id, order_id, product_id, quantity, unit_price, subtotal) VALUES ('oi_00024', 'ord_0009', 'prod_020', 1, 28.00, 28.00);
INSERT INTO order_items (id, order_id, product_id, quantity, unit_price, subtotal) VALUES ('oi_00025', 'ord_0010', 'prod_015', 2, 119.00, 238.00);
INSERT INTO order_items (id, order_id, product_id, quantity, unit_price, subtotal) VALUES ('oi_00026', 'ord_0010', 'prod_011', 2, 79.00, 158.00);
INSERT INTO order_items (id, order_id, product_id, quantity, unit_price, subtotal) VALUES ('oi_00027', 'ord_0010', 'prod_018', 3, 58.00, 174.00);
INSERT INTO order_items (id, order_id, product_id, quantity, unit_price, subtotal) VALUES ('oi_00028', 'ord_0011', 'prod_002', 1, 38.00, 38.00);
INSERT INTO order_items (id, order_id, product_id, quantity, unit_price, subtotal) VALUES ('oi_00029', 'ord_0012', 'prod_001', 1, 64.00, 64.00);
INSERT INTO order_items (id, order_id, product_id, quantity, unit_price, subtotal) VALUES ('oi_00030', 'ord_0012', 'prod_011', 1, 79.00, 79.00);
INSERT INTO order_items (id, order_id, product_id, quantity, unit_price, subtotal) VALUES ('oi_00031', 'ord_0012', 'prod_015', 2, 119.00, 238.00);
INSERT INTO order_items (id, order_id, product_id, quantity, unit_price, subtotal) VALUES ('oi_00032', 'ord_0012', 'prod_009', 3, 285.00, 855.00);
INSERT INTO order_items (id, order_id, product_id, quantity, unit_price, subtotal) VALUES ('oi_00033', 'ord_0013', 'prod_004', 3, 89.00, 267.00);
INSERT INTO order_items (id, order_id, product_id, quantity, unit_price, subtotal) VALUES ('oi_00034', 'ord_0013', 'prod_014', 1, 95.00, 95.00);
INSERT INTO order_items (id, order_id, product_id, quantity, unit_price, subtotal) VALUES ('oi_00035', 'ord_0014', 'prod_012', 3, 165.00, 495.00);
INSERT INTO order_items (id, order_id, product_id, quantity, unit_price, subtotal) VALUES ('oi_00036', 'ord_0014', 'prod_009', 2, 285.00, 570.00);
INSERT INTO order_items (id, order_id, product_id, quantity, unit_price, subtotal) VALUES ('oi_00037', 'ord_0014', 'prod_004', 1, 89.00, 89.00);
INSERT INTO order_items (id, order_id, product_id, quantity, unit_price, subtotal) VALUES ('oi_00038', 'ord_0015', 'prod_015', 1, 119.00, 119.00);
INSERT INTO order_items (id, order_id, product_id, quantity, unit_price, subtotal) VALUES ('oi_00039', 'ord_0015', 'prod_019', 3, 22.00, 66.00);
INSERT INTO order_items (id, order_id, product_id, quantity, unit_price, subtotal) VALUES ('oi_00040', 'ord_0015', 'prod_009', 2, 285.00, 570.00);
INSERT INTO order_items (id, order_id, product_id, quantity, unit_price, subtotal) VALUES ('oi_00041', 'ord_0016', 'prod_014', 3, 95.00, 285.00);
INSERT INTO order_items (id, order_id, product_id, quantity, unit_price, subtotal) VALUES ('oi_00042', 'ord_0016', 'prod_018', 3, 58.00, 174.00);
INSERT INTO order_items (id, order_id, product_id, quantity, unit_price, subtotal) VALUES ('oi_00043', 'ord_0017', 'prod_019', 2, 22.00, 44.00);
INSERT INTO order_items (id, order_id, product_id, quantity, unit_price, subtotal) VALUES ('oi_00044', 'ord_0017', 'prod_005', 1, 72.00, 72.00);
INSERT INTO order_items (id, order_id, product_id, quantity, unit_price, subtotal) VALUES ('oi_00045', 'ord_0018', 'prod_020', 2, 28.00, 56.00);
INSERT INTO order_items (id, order_id, product_id, quantity, unit_price, subtotal) VALUES ('oi_00046', 'ord_0018', 'prod_001', 2, 64.00, 128.00);
INSERT INTO order_items (id, order_id, product_id, quantity, unit_price, subtotal) VALUES ('oi_00047', 'ord_0019', 'prod_020', 1, 28.00, 28.00);
INSERT INTO order_items (id, order_id, product_id, quantity, unit_price, subtotal) VALUES ('oi_00048', 'ord_0019', 'prod_005', 3, 72.00, 216.00);
INSERT INTO order_items (id, order_id, product_id, quantity, unit_price, subtotal) VALUES ('oi_00049', 'ord_0019', 'prod_007', 2, 198.00, 396.00);
INSERT INTO order_items (id, order_id, product_id, quantity, unit_price, subtotal) VALUES ('oi_00050', 'ord_0020', 'prod_005', 1, 72.00, 72.00);
INSERT INTO order_items (id, order_id, product_id, quantity, unit_price, subtotal) VALUES ('oi_00051', 'ord_0020', 'prod_019', 2, 22.00, 44.00);
INSERT INTO order_items (id, order_id, product_id, quantity, unit_price, subtotal) VALUES ('oi_00052', 'ord_0021', 'prod_011', 2, 79.00, 158.00);
INSERT INTO order_items (id, order_id, product_id, quantity, unit_price, subtotal) VALUES ('oi_00053', 'ord_0021', 'prod_009', 1, 285.00, 285.00);
INSERT INTO order_items (id, order_id, product_id, quantity, unit_price, subtotal) VALUES ('oi_00054', 'ord_0022', 'prod_018', 2, 58.00, 116.00);
INSERT INTO order_items (id, order_id, product_id, quantity, unit_price, subtotal) VALUES ('oi_00055', 'ord_0022', 'prod_011', 3, 79.00, 237.00);
INSERT INTO order_items (id, order_id, product_id, quantity, unit_price, subtotal) VALUES ('oi_00056', 'ord_0022', 'prod_012', 3, 165.00, 495.00);
INSERT INTO order_items (id, order_id, product_id, quantity, unit_price, subtotal) VALUES ('oi_00057', 'ord_0023', 'prod_013', 2, 129.00, 258.00);
INSERT INTO order_items (id, order_id, product_id, quantity, unit_price, subtotal) VALUES ('oi_00058', 'ord_0023', 'prod_012', 2, 165.00, 330.00);
INSERT INTO order_items (id, order_id, product_id, quantity, unit_price, subtotal) VALUES ('oi_00059', 'ord_0024', 'prod_009', 1, 285.00, 285.00);
INSERT INTO order_items (id, order_id, product_id, quantity, unit_price, subtotal) VALUES ('oi_00060', 'ord_0024', 'prod_001', 3, 64.00, 192.00);
INSERT INTO order_items (id, order_id, product_id, quantity, unit_price, subtotal) VALUES ('oi_00061', 'ord_0024', 'prod_008', 1, 88.00, 88.00);
INSERT INTO order_items (id, order_id, product_id, quantity, unit_price, subtotal) VALUES ('oi_00062', 'ord_0025', 'prod_003', 2, 52.00, 104.00);
INSERT INTO order_items (id, order_id, product_id, quantity, unit_price, subtotal) VALUES ('oi_00063', 'ord_0026', 'prod_001', 2, 64.00, 128.00);
INSERT INTO order_items (id, order_id, product_id, quantity, unit_price, subtotal) VALUES ('oi_00064', 'ord_0026', 'prod_014', 1, 95.00, 95.00);
INSERT INTO order_items (id, order_id, product_id, quantity, unit_price, subtotal) VALUES ('oi_00065', 'ord_0027', 'prod_005', 1, 72.00, 72.00);
INSERT INTO order_items (id, order_id, product_id, quantity, unit_price, subtotal) VALUES ('oi_00066', 'ord_0027', 'prod_013', 2, 129.00, 258.00);
INSERT INTO order_items (id, order_id, product_id, quantity, unit_price, subtotal) VALUES ('oi_00067', 'ord_0027', 'prod_007', 2, 198.00, 396.00);
INSERT INTO order_items (id, order_id, product_id, quantity, unit_price, subtotal) VALUES ('oi_00068', 'ord_0028', 'prod_017', 1, 49.00, 49.00);
INSERT INTO order_items (id, order_id, product_id, quantity, unit_price, subtotal) VALUES ('oi_00069', 'ord_0028', 'prod_004', 2, 89.00, 178.00);
INSERT INTO order_items (id, order_id, product_id, quantity, unit_price, subtotal) VALUES ('oi_00070', 'ord_0029', 'prod_018', 3, 58.00, 174.00);
INSERT INTO order_items (id, order_id, product_id, quantity, unit_price, subtotal) VALUES ('oi_00071', 'ord_0029', 'prod_010', 1, 42.00, 42.00);
INSERT INTO order_items (id, order_id, product_id, quantity, unit_price, subtotal) VALUES ('oi_00072', 'ord_0029', 'prod_014', 2, 95.00, 190.00);
INSERT INTO order_items (id, order_id, product_id, quantity, unit_price, subtotal) VALUES ('oi_00073', 'ord_0029', 'prod_016', 3, 36.00, 108.00);
INSERT INTO order_items (id, order_id, product_id, quantity, unit_price, subtotal) VALUES ('oi_00074', 'ord_0030', 'prod_008', 1, 88.00, 88.00);
INSERT INTO order_items (id, order_id, product_id, quantity, unit_price, subtotal) VALUES ('oi_00075', 'ord_0030', 'prod_019', 2, 22.00, 44.00);
INSERT INTO order_items (id, order_id, product_id, quantity, unit_price, subtotal) VALUES ('oi_00076', 'ord_0031', 'prod_001', 3, 64.00, 192.00);
INSERT INTO order_items (id, order_id, product_id, quantity, unit_price, subtotal) VALUES ('oi_00077', 'ord_0032', 'prod_011', 2, 79.00, 158.00);
INSERT INTO order_items (id, order_id, product_id, quantity, unit_price, subtotal) VALUES ('oi_00078', 'ord_0033', 'prod_020', 2, 28.00, 56.00);
INSERT INTO order_items (id, order_id, product_id, quantity, unit_price, subtotal) VALUES ('oi_00079', 'ord_0033', 'prod_014', 2, 95.00, 190.00);
INSERT INTO order_items (id, order_id, product_id, quantity, unit_price, subtotal) VALUES ('oi_00080', 'ord_0033', 'prod_019', 3, 22.00, 66.00);
INSERT INTO order_items (id, order_id, product_id, quantity, unit_price, subtotal) VALUES ('oi_00081', 'ord_0034', 'prod_005', 3, 72.00, 216.00);
INSERT INTO order_items (id, order_id, product_id, quantity, unit_price, subtotal) VALUES ('oi_00082', 'ord_0035', 'prod_015', 2, 119.00, 238.00);
INSERT INTO order_items (id, order_id, product_id, quantity, unit_price, subtotal) VALUES ('oi_00083', 'ord_0035', 'prod_009', 1, 285.00, 285.00);
INSERT INTO order_items (id, order_id, product_id, quantity, unit_price, subtotal) VALUES ('oi_00084', 'ord_0036', 'prod_007', 2, 198.00, 396.00);
INSERT INTO order_items (id, order_id, product_id, quantity, unit_price, subtotal) VALUES ('oi_00085', 'ord_0036', 'prod_018', 3, 58.00, 174.00);
INSERT INTO order_items (id, order_id, product_id, quantity, unit_price, subtotal) VALUES ('oi_00086', 'ord_0037', 'prod_012', 2, 165.00, 330.00);
INSERT INTO order_items (id, order_id, product_id, quantity, unit_price, subtotal) VALUES ('oi_00087', 'ord_0038', 'prod_015', 2, 119.00, 238.00);
INSERT INTO order_items (id, order_id, product_id, quantity, unit_price, subtotal) VALUES ('oi_00088', 'ord_0038', 'prod_009', 3, 285.00, 855.00);
INSERT INTO order_items (id, order_id, product_id, quantity, unit_price, subtotal) VALUES ('oi_00089', 'ord_0038', 'prod_005', 2, 72.00, 144.00);
INSERT INTO order_items (id, order_id, product_id, quantity, unit_price, subtotal) VALUES ('oi_00090', 'ord_0039', 'prod_004', 1, 89.00, 89.00);
INSERT INTO order_items (id, order_id, product_id, quantity, unit_price, subtotal) VALUES ('oi_00091', 'ord_0040', 'prod_007', 3, 198.00, 594.00);
INSERT INTO order_items (id, order_id, product_id, quantity, unit_price, subtotal) VALUES ('oi_00092', 'ord_0041', 'prod_010', 2, 42.00, 84.00);
INSERT INTO order_items (id, order_id, product_id, quantity, unit_price, subtotal) VALUES ('oi_00093', 'ord_0041', 'prod_020', 3, 28.00, 84.00);
INSERT INTO order_items (id, order_id, product_id, quantity, unit_price, subtotal) VALUES ('oi_00094', 'ord_0041', 'prod_009', 2, 285.00, 570.00);
INSERT INTO order_items (id, order_id, product_id, quantity, unit_price, subtotal) VALUES ('oi_00095', 'ord_0042', 'prod_006', 2, 145.00, 290.00);
INSERT INTO order_items (id, order_id, product_id, quantity, unit_price, subtotal) VALUES ('oi_00096', 'ord_0042', 'prod_003', 3, 52.00, 156.00);
INSERT INTO order_items (id, order_id, product_id, quantity, unit_price, subtotal) VALUES ('oi_00097', 'ord_0042', 'prod_008', 1, 88.00, 88.00);
INSERT INTO order_items (id, order_id, product_id, quantity, unit_price, subtotal) VALUES ('oi_00098', 'ord_0043', 'prod_001', 3, 64.00, 192.00);
INSERT INTO order_items (id, order_id, product_id, quantity, unit_price, subtotal) VALUES ('oi_00099', 'ord_0043', 'prod_012', 1, 165.00, 165.00);
INSERT INTO order_items (id, order_id, product_id, quantity, unit_price, subtotal) VALUES ('oi_00100', 'ord_0043', 'prod_013', 3, 129.00, 387.00);
INSERT INTO order_items (id, order_id, product_id, quantity, unit_price, subtotal) VALUES ('oi_00101', 'ord_0043', 'prod_004', 3, 89.00, 267.00);
INSERT INTO order_items (id, order_id, product_id, quantity, unit_price, subtotal) VALUES ('oi_00102', 'ord_0044', 'prod_020', 2, 28.00, 56.00);
INSERT INTO order_items (id, order_id, product_id, quantity, unit_price, subtotal) VALUES ('oi_00103', 'ord_0045', 'prod_001', 2, 64.00, 128.00);
INSERT INTO order_items (id, order_id, product_id, quantity, unit_price, subtotal) VALUES ('oi_00104', 'ord_0045', 'prod_002', 2, 38.00, 76.00);
INSERT INTO order_items (id, order_id, product_id, quantity, unit_price, subtotal) VALUES ('oi_00105', 'ord_0046', 'prod_009', 1, 285.00, 285.00);
INSERT INTO order_items (id, order_id, product_id, quantity, unit_price, subtotal) VALUES ('oi_00106', 'ord_0046', 'prod_020', 3, 28.00, 84.00);
INSERT INTO order_items (id, order_id, product_id, quantity, unit_price, subtotal) VALUES ('oi_00107', 'ord_0047', 'prod_003', 1, 52.00, 52.00);
INSERT INTO order_items (id, order_id, product_id, quantity, unit_price, subtotal) VALUES ('oi_00108', 'ord_0048', 'prod_016', 3, 36.00, 108.00);
INSERT INTO order_items (id, order_id, product_id, quantity, unit_price, subtotal) VALUES ('oi_00109', 'ord_0048', 'prod_018', 3, 58.00, 174.00);
INSERT INTO order_items (id, order_id, product_id, quantity, unit_price, subtotal) VALUES ('oi_00110', 'ord_0048', 'prod_005', 3, 72.00, 216.00);
INSERT INTO order_items (id, order_id, product_id, quantity, unit_price, subtotal) VALUES ('oi_00111', 'ord_0049', 'prod_017', 1, 49.00, 49.00);
INSERT INTO order_items (id, order_id, product_id, quantity, unit_price, subtotal) VALUES ('oi_00112', 'ord_0049', 'prod_001', 3, 64.00, 192.00);
INSERT INTO order_items (id, order_id, product_id, quantity, unit_price, subtotal) VALUES ('oi_00113', 'ord_0049', 'prod_019', 3, 22.00, 66.00);
INSERT INTO order_items (id, order_id, product_id, quantity, unit_price, subtotal) VALUES ('oi_00114', 'ord_0050', 'prod_003', 1, 52.00, 52.00);
INSERT INTO order_items (id, order_id, product_id, quantity, unit_price, subtotal) VALUES ('oi_00115', 'ord_0051', 'prod_014', 2, 95.00, 190.00);
INSERT INTO order_items (id, order_id, product_id, quantity, unit_price, subtotal) VALUES ('oi_00116', 'ord_0051', 'prod_002', 2, 38.00, 76.00);
INSERT INTO order_items (id, order_id, product_id, quantity, unit_price, subtotal) VALUES ('oi_00117', 'ord_0051', 'prod_016', 1, 36.00, 36.00);
INSERT INTO order_items (id, order_id, product_id, quantity, unit_price, subtotal) VALUES ('oi_00118', 'ord_0051', 'prod_017', 1, 49.00, 49.00);
INSERT INTO order_items (id, order_id, product_id, quantity, unit_price, subtotal) VALUES ('oi_00119', 'ord_0052', 'prod_008', 1, 88.00, 88.00);
INSERT INTO order_items (id, order_id, product_id, quantity, unit_price, subtotal) VALUES ('oi_00120', 'ord_0052', 'prod_006', 3, 145.00, 435.00);
INSERT INTO order_items (id, order_id, product_id, quantity, unit_price, subtotal) VALUES ('oi_00121', 'ord_0052', 'prod_020', 2, 28.00, 56.00);
INSERT INTO order_items (id, order_id, product_id, quantity, unit_price, subtotal) VALUES ('oi_00122', 'ord_0053', 'prod_001', 3, 64.00, 192.00);
INSERT INTO order_items (id, order_id, product_id, quantity, unit_price, subtotal) VALUES ('oi_00123', 'ord_0054', 'prod_019', 2, 22.00, 44.00);
INSERT INTO order_items (id, order_id, product_id, quantity, unit_price, subtotal) VALUES ('oi_00124', 'ord_0055', 'prod_019', 3, 22.00, 66.00);
INSERT INTO order_items (id, order_id, product_id, quantity, unit_price, subtotal) VALUES ('oi_00125', 'ord_0055', 'prod_003', 2, 52.00, 104.00);
INSERT INTO order_items (id, order_id, product_id, quantity, unit_price, subtotal) VALUES ('oi_00126', 'ord_0055', 'prod_006', 1, 145.00, 145.00);
INSERT INTO order_items (id, order_id, product_id, quantity, unit_price, subtotal) VALUES ('oi_00127', 'ord_0055', 'prod_013', 2, 129.00, 258.00);
INSERT INTO order_items (id, order_id, product_id, quantity, unit_price, subtotal) VALUES ('oi_00128', 'ord_0056', 'prod_014', 2, 95.00, 190.00);
INSERT INTO order_items (id, order_id, product_id, quantity, unit_price, subtotal) VALUES ('oi_00129', 'ord_0056', 'prod_002', 3, 38.00, 114.00);
INSERT INTO order_items (id, order_id, product_id, quantity, unit_price, subtotal) VALUES ('oi_00130', 'ord_0056', 'prod_013', 2, 129.00, 258.00);
INSERT INTO order_items (id, order_id, product_id, quantity, unit_price, subtotal) VALUES ('oi_00131', 'ord_0057', 'prod_005', 2, 72.00, 144.00);
INSERT INTO order_items (id, order_id, product_id, quantity, unit_price, subtotal) VALUES ('oi_00132', 'ord_0057', 'prod_003', 3, 52.00, 156.00);
INSERT INTO order_items (id, order_id, product_id, quantity, unit_price, subtotal) VALUES ('oi_00133', 'ord_0057', 'prod_004', 1, 89.00, 89.00);
INSERT INTO order_items (id, order_id, product_id, quantity, unit_price, subtotal) VALUES ('oi_00134', 'ord_0057', 'prod_013', 2, 129.00, 258.00);
INSERT INTO order_items (id, order_id, product_id, quantity, unit_price, subtotal) VALUES ('oi_00135', 'ord_0058', 'prod_009', 2, 285.00, 570.00);
INSERT INTO order_items (id, order_id, product_id, quantity, unit_price, subtotal) VALUES ('oi_00136', 'ord_0058', 'prod_008', 2, 88.00, 176.00);
INSERT INTO order_items (id, order_id, product_id, quantity, unit_price, subtotal) VALUES ('oi_00137', 'ord_0058', 'prod_015', 1, 119.00, 119.00);
INSERT INTO order_items (id, order_id, product_id, quantity, unit_price, subtotal) VALUES ('oi_00138', 'ord_0059', 'prod_013', 2, 129.00, 258.00);
INSERT INTO order_items (id, order_id, product_id, quantity, unit_price, subtotal) VALUES ('oi_00139', 'ord_0059', 'prod_018', 3, 58.00, 174.00);
INSERT INTO order_items (id, order_id, product_id, quantity, unit_price, subtotal) VALUES ('oi_00140', 'ord_0059', 'prod_010', 3, 42.00, 126.00);
INSERT INTO order_items (id, order_id, product_id, quantity, unit_price, subtotal) VALUES ('oi_00141', 'ord_0060', 'prod_010', 2, 42.00, 84.00);
INSERT INTO order_items (id, order_id, product_id, quantity, unit_price, subtotal) VALUES ('oi_00142', 'ord_0061', 'prod_004', 3, 89.00, 267.00);
INSERT INTO order_items (id, order_id, product_id, quantity, unit_price, subtotal) VALUES ('oi_00143', 'ord_0061', 'prod_019', 2, 22.00, 44.00);
INSERT INTO order_items (id, order_id, product_id, quantity, unit_price, subtotal) VALUES ('oi_00144', 'ord_0062', 'prod_019', 1, 22.00, 22.00);
INSERT INTO order_items (id, order_id, product_id, quantity, unit_price, subtotal) VALUES ('oi_00145', 'ord_0062', 'prod_010', 3, 42.00, 126.00);
INSERT INTO order_items (id, order_id, product_id, quantity, unit_price, subtotal) VALUES ('oi_00146', 'ord_0062', 'prod_006', 2, 145.00, 290.00);
INSERT INTO order_items (id, order_id, product_id, quantity, unit_price, subtotal) VALUES ('oi_00147', 'ord_0062', 'prod_016', 2, 36.00, 72.00);
INSERT INTO order_items (id, order_id, product_id, quantity, unit_price, subtotal) VALUES ('oi_00148', 'ord_0063', 'prod_008', 3, 88.00, 264.00);
INSERT INTO order_items (id, order_id, product_id, quantity, unit_price, subtotal) VALUES ('oi_00149', 'ord_0063', 'prod_002', 3, 38.00, 114.00);
INSERT INTO order_items (id, order_id, product_id, quantity, unit_price, subtotal) VALUES ('oi_00150', 'ord_0063', 'prod_015', 2, 119.00, 238.00);
INSERT INTO order_items (id, order_id, product_id, quantity, unit_price, subtotal) VALUES ('oi_00151', 'ord_0064', 'prod_006', 2, 145.00, 290.00);
INSERT INTO order_items (id, order_id, product_id, quantity, unit_price, subtotal) VALUES ('oi_00152', 'ord_0064', 'prod_005', 1, 72.00, 72.00);
INSERT INTO order_items (id, order_id, product_id, quantity, unit_price, subtotal) VALUES ('oi_00153', 'ord_0065', 'prod_004', 1, 89.00, 89.00);
INSERT INTO order_items (id, order_id, product_id, quantity, unit_price, subtotal) VALUES ('oi_00154', 'ord_0065', 'prod_001', 3, 64.00, 192.00);
INSERT INTO order_items (id, order_id, product_id, quantity, unit_price, subtotal) VALUES ('oi_00155', 'ord_0065', 'prod_002', 3, 38.00, 114.00);
INSERT INTO order_items (id, order_id, product_id, quantity, unit_price, subtotal) VALUES ('oi_00156', 'ord_0066', 'prod_010', 2, 42.00, 84.00);
INSERT INTO order_items (id, order_id, product_id, quantity, unit_price, subtotal) VALUES ('oi_00157', 'ord_0066', 'prod_013', 2, 129.00, 258.00);
INSERT INTO order_items (id, order_id, product_id, quantity, unit_price, subtotal) VALUES ('oi_00158', 'ord_0066', 'prod_007', 3, 198.00, 594.00);
INSERT INTO order_items (id, order_id, product_id, quantity, unit_price, subtotal) VALUES ('oi_00159', 'ord_0067', 'prod_015', 2, 119.00, 238.00);
INSERT INTO order_items (id, order_id, product_id, quantity, unit_price, subtotal) VALUES ('oi_00160', 'ord_0067', 'prod_010', 2, 42.00, 84.00);
INSERT INTO order_items (id, order_id, product_id, quantity, unit_price, subtotal) VALUES ('oi_00161', 'ord_0067', 'prod_012', 3, 165.00, 495.00);
INSERT INTO order_items (id, order_id, product_id, quantity, unit_price, subtotal) VALUES ('oi_00162', 'ord_0067', 'prod_006', 2, 145.00, 290.00);
INSERT INTO order_items (id, order_id, product_id, quantity, unit_price, subtotal) VALUES ('oi_00163', 'ord_0068', 'prod_006', 3, 145.00, 435.00);
INSERT INTO order_items (id, order_id, product_id, quantity, unit_price, subtotal) VALUES ('oi_00164', 'ord_0068', 'prod_008', 1, 88.00, 88.00);
INSERT INTO order_items (id, order_id, product_id, quantity, unit_price, subtotal) VALUES ('oi_00165', 'ord_0069', 'prod_016', 2, 36.00, 72.00);
INSERT INTO order_items (id, order_id, product_id, quantity, unit_price, subtotal) VALUES ('oi_00166', 'ord_0069', 'prod_020', 3, 28.00, 84.00);
INSERT INTO order_items (id, order_id, product_id, quantity, unit_price, subtotal) VALUES ('oi_00167', 'ord_0069', 'prod_019', 2, 22.00, 44.00);
INSERT INTO order_items (id, order_id, product_id, quantity, unit_price, subtotal) VALUES ('oi_00168', 'ord_0070', 'prod_008', 3, 88.00, 264.00);
INSERT INTO order_items (id, order_id, product_id, quantity, unit_price, subtotal) VALUES ('oi_00169', 'ord_0070', 'prod_006', 1, 145.00, 145.00);
INSERT INTO order_items (id, order_id, product_id, quantity, unit_price, subtotal) VALUES ('oi_00170', 'ord_0070', 'prod_013', 1, 129.00, 129.00);
INSERT INTO order_items (id, order_id, product_id, quantity, unit_price, subtotal) VALUES ('oi_00171', 'ord_0071', 'prod_015', 1, 119.00, 119.00);
INSERT INTO order_items (id, order_id, product_id, quantity, unit_price, subtotal) VALUES ('oi_00172', 'ord_0072', 'prod_004', 2, 89.00, 178.00);
INSERT INTO order_items (id, order_id, product_id, quantity, unit_price, subtotal) VALUES ('oi_00173', 'ord_0073', 'prod_010', 3, 42.00, 126.00);
INSERT INTO order_items (id, order_id, product_id, quantity, unit_price, subtotal) VALUES ('oi_00174', 'ord_0073', 'prod_018', 3, 58.00, 174.00);
INSERT INTO order_items (id, order_id, product_id, quantity, unit_price, subtotal) VALUES ('oi_00175', 'ord_0073', 'prod_006', 3, 145.00, 435.00);
INSERT INTO order_items (id, order_id, product_id, quantity, unit_price, subtotal) VALUES ('oi_00176', 'ord_0073', 'prod_008', 1, 88.00, 88.00);
INSERT INTO order_items (id, order_id, product_id, quantity, unit_price, subtotal) VALUES ('oi_00177', 'ord_0074', 'prod_015', 3, 119.00, 357.00);
INSERT INTO order_items (id, order_id, product_id, quantity, unit_price, subtotal) VALUES ('oi_00178', 'ord_0075', 'prod_010', 1, 42.00, 42.00);
INSERT INTO order_items (id, order_id, product_id, quantity, unit_price, subtotal) VALUES ('oi_00179', 'ord_0075', 'prod_013', 2, 129.00, 258.00);
INSERT INTO order_items (id, order_id, product_id, quantity, unit_price, subtotal) VALUES ('oi_00180', 'ord_0075', 'prod_006', 3, 145.00, 435.00);
INSERT INTO order_items (id, order_id, product_id, quantity, unit_price, subtotal) VALUES ('oi_00181', 'ord_0075', 'prod_016', 2, 36.00, 72.00);
INSERT INTO order_items (id, order_id, product_id, quantity, unit_price, subtotal) VALUES ('oi_00182', 'ord_0076', 'prod_011', 3, 79.00, 237.00);
INSERT INTO order_items (id, order_id, product_id, quantity, unit_price, subtotal) VALUES ('oi_00183', 'ord_0076', 'prod_009', 3, 285.00, 855.00);
INSERT INTO order_items (id, order_id, product_id, quantity, unit_price, subtotal) VALUES ('oi_00184', 'ord_0076', 'prod_017', 1, 49.00, 49.00);
INSERT INTO order_items (id, order_id, product_id, quantity, unit_price, subtotal) VALUES ('oi_00185', 'ord_0077', 'prod_015', 3, 119.00, 357.00);
INSERT INTO order_items (id, order_id, product_id, quantity, unit_price, subtotal) VALUES ('oi_00186', 'ord_0077', 'prod_005', 1, 72.00, 72.00);
INSERT INTO order_items (id, order_id, product_id, quantity, unit_price, subtotal) VALUES ('oi_00187', 'ord_0077', 'prod_017', 2, 49.00, 98.00);
INSERT INTO order_items (id, order_id, product_id, quantity, unit_price, subtotal) VALUES ('oi_00188', 'ord_0077', 'prod_012', 3, 165.00, 495.00);
INSERT INTO order_items (id, order_id, product_id, quantity, unit_price, subtotal) VALUES ('oi_00189', 'ord_0078', 'prod_008', 2, 88.00, 176.00);
INSERT INTO order_items (id, order_id, product_id, quantity, unit_price, subtotal) VALUES ('oi_00190', 'ord_0078', 'prod_001', 1, 64.00, 64.00);
INSERT INTO order_items (id, order_id, product_id, quantity, unit_price, subtotal) VALUES ('oi_00191', 'ord_0079', 'prod_020', 2, 28.00, 56.00);
INSERT INTO order_items (id, order_id, product_id, quantity, unit_price, subtotal) VALUES ('oi_00192', 'ord_0079', 'prod_011', 1, 79.00, 79.00);
INSERT INTO order_items (id, order_id, product_id, quantity, unit_price, subtotal) VALUES ('oi_00193', 'ord_0079', 'prod_002', 3, 38.00, 114.00);
INSERT INTO order_items (id, order_id, product_id, quantity, unit_price, subtotal) VALUES ('oi_00194', 'ord_0079', 'prod_006', 1, 145.00, 145.00);
INSERT INTO order_items (id, order_id, product_id, quantity, unit_price, subtotal) VALUES ('oi_00195', 'ord_0080', 'prod_014', 1, 95.00, 95.00);
INSERT INTO order_items (id, order_id, product_id, quantity, unit_price, subtotal) VALUES ('oi_00196', 'ord_0080', 'prod_007', 1, 198.00, 198.00);
INSERT INTO order_items (id, order_id, product_id, quantity, unit_price, subtotal) VALUES ('oi_00197', 'ord_0080', 'prod_005', 3, 72.00, 216.00);
INSERT INTO order_items (id, order_id, product_id, quantity, unit_price, subtotal) VALUES ('oi_00198', 'ord_0080', 'prod_020', 2, 28.00, 56.00);

COMMIT;
